id,categoria,pregunta,respuesta
1,Productos,¿Qué productos venden en New Valley?,"Fabricamos elementos de decoración y materos hechos 100% con materia prima reciclada. Nuestro catálogo incluye macetas autorregantes, floreros ecológicos, cuadros con marco de plástico reciclado, lámparas sostenibles y organizadores."
2,Materiales,¿De qué materiales están hechos los materos?,"Utilizamos plástico reciclado de alta densidad (HDPE/PET), vidrio recuperado y madera ecológica post-industrial. Son duraderos y resistentes al agua."
3,Cuidado,¿Los materos son aptos para exterior e interior?,"Sí, el plástico reciclado es altamente resistente a la radiación UV y a la humedad. No se decolora ni deteriora con el sol o la lluvia."
4,Envíos,¿Cuáles son los tiempos y costos de envío?,"El envío estándar tarda de 3 a 5 días hábiles y cuesta $12,000 COP. Por compras superiores a $120,000 COP, el envío es gratuito."
5,Pagos,¿Qué métodos de pago aceptan?,"Aceptamos tarjetas de crédito, débito, transferencias por PSE, Nequi, Daviplata y pago contra entrega en ciudades principales."
6,Garantía,¿Tienen garantía los productos?,"Sí, todos los productos cuentan con una garantía de 60 días por defectos de fábrica."
7,Devoluciones,¿Cuál es la política de cambios?,"Tienes hasta 15 días calendario tras la recepción del paquete para tramitar el cambio sin costo adicional."
8,Impacto,¿Cómo ayuda mi compra al medio ambiente?,"Evitas que entre 500 gramos y 2 kilos de plástico lleguen a los océanos o vertederos."
9,Contacto,¿Cómo los contacto?,"Escribe a soporte@newvalley.com o al WhatsApp +57 300 987 6543 (lunes a sábado de 8:00 a.m. a 6:00 p.m.)."
